/wbsphvgh,36092
/wbsphmhqs,133965
/hqdssfsfccfsrdzqqtbljnmbqvdtzjftfqblrnnmhqs,119520
/trwqgzsb,88439
/hqdssfmhqslncqsmjmhqs,138296
/lncqsmjmpcshzggbnb,232449
/lncqsmjmpc,0
/lncqsmjjmswnmsbdqhmwccgblsq,110134
/lncqsmjjmswnmsbdqhm,940875
/jwphbzmwnzwmhqs,176337
/hqdssfshzggvgjrlncqsmj,233355
/hqdssfsfccfsrdzqqtbljnmbqvdqpclpbzmhqsrjdwmb,219498
/hqdssfshzggfqwpwcq,474462
/fnsvfbzt,62158
/hqdssfshzggvgjr,1014228
/lncqsmjjmswnmsbdqhmvpfq,73628
/hqdssfshzgghqdssf,906
/hqdssfshzgghngpzstzjlnsztt,78315
/hqdssfsfccfsrdzqqtbljnmbqvdqpclpbzhtbzpbmfr,19937
/hqdssfshzgghngpzsthqdssfmzj,169639
/hqdssfshzggfqwpwcqpmfv,204886
/hqdssfshzgghngpzstfgzlgbmqzmshnjmmlsvdg,41383
/hqdssfshzgghngpzstfgzlgbmqzm,0
/hqdssfshzgghngpzstfgzlgbmmhqs,257031
/lncqsmj,717789
/hqdssfshzgghngpzsthqdssf,169639
/hqdssfshzgghngpzstfgzlgbmlncqsmj,595236
/hqdssfshzgghngpzstfgzlgbmhqdssfgwgprpwzw,313417
/hqdssfshzgghngpzstfgzlgbmqzmshn,41383
/hqdssfshzgghngpzstfgzlgbmhqdssfgwgpqdvss,111546
/hqdssfshzgghngpzstfgzlgbmhqdssfgwgp,1201949
/hqdssfsfccfsrdzqqtbljnmbqvdtzjftftdgznvvpcttrtd,16759
/hqdssfsfccfsrdzqqtbljnmbqvdtzjftftdgpbdgbsts,92092
/hqdssfsfccfsrdzqqtbljnmbqvdtzjftftdgznvv,57972
/jwphbz,691151
/hqdssfsfccfsrdzqqtbljnmbqvdtzjftfqblrnnwcnh,319130
/hqdssfsfccfsrdzqqtbljnmbqvdqpclpbzvgbvrwvnmhqswfbvtfmr,357958
/jwphbzbqbwds,18049
/jwphbzmwnzw,919804
/hqdssfsfccfsrdzqqtbljnmbqvdtzjftfqblrnnshzgg,204332
/hqdssfsfccfsrdhhhqdmzfdbpldbgrnzrcvmvgqtlm,638103
/hqdssfshzgghngpzstfgzlgbmhqdssf,1405818
/hqdssfshzgghngpzstfgzlgbmhqdssfgwgpwfbvtfmr,776986
/hqdssfsfccfsrdzqqtbljnmbqvdtzjftftdg,728102
/hqdssfsfccfsrdzqqtbljnmbqvdtzjftfqblrnnfrqccwpplgrc,285496
/hqdssfmhqsctflshzgg,1520965
/hqdssfsfccfsrdzqqtbljnmbqvdtzjftfqblrnnfrqccmnsbrwfbvtfmr,81283
/hqdssfsfccfsrdzqqtbljnmbqvdtzjftfqblrnnfrqccmnsbr,180750
/hqdssfsfccfsrdzqqtbljnmbqvdtzjftfqblrnnfrqccclj,31407
/hqdssfsfccfsrdhhhqdmzfdbpldbgrnzrcvpjs,734319
/hqdssfsfccfsrdzqqtbljnmbqvdtzjftfqblrnnfrqcc,608934
/hqdssfsfccfsrdzqqtbljnmbqvdtzjftf,1516301
/hqdssfsfccfsrdzqqtbljnmbqvdrqpljw,267152
/hqdssfsfccfsrdzqqtbljnmbqvdqpclpbzwmhdrztqnr,290611
/hqdssfsfccfsrdzqqtbljnmbqvdqpclpbzwmhdrzt,575697
/hqdssfsfccfsrdzqqtbljnmbqvdqpclpbzwmhdhnn,279244
/hqdssfsfccfsrdzqqtbljnmbqvdqpclpbzwmhd,854941
/hqdssfsfccfsrdzqqtbljnmbqvdqpclpbzvgbvrwvnmhqswfbvtfmrfdtzrdzsjmmjgfpvcvfcqfmtfm,200137
/hqdssfsfccfsrdzqqtbljnmbqvdqpclpbzvgbvrwvnmhqswfbvtfmrfdtzrdzsjmmjgfpvcvfcq,200137
/hqdssfsfccfsrdzqqtbljnmbqvdqpclpbzvgbvrwvnmhqswfbvtfmrfdtzrdzsjm,0
/hqdssfsfccfsrdzqqtbljnmbqvdqpclpbzvgbvrwvnmhqsqqfbszlncqsmj,186873
/hqdssfsfccfsrdzqqtbljnmbqvdqpclpbzvgbvrwvnmhqsqqfbsz,186873
/hqdssfsfccfsrdzqqtbljnmbqvdqpclpbzvgbvrwvnhqdssfshzgg,250028
/hqdssfsfccfsrdzqqtbljnmbqvdqpclpbzvgbvrwvnbswvwfbvtfmr,1025783
/hqdssfsfccfsrdhhhqdmzfdbpldbgrnzrcvmvgqtlmtmrsn,150980
/hqdssfsfccfsrdzqqtbljnmbqvdqpclpbzvgbvrwvnbswvmhmgn,85806
/hqdssfsfccfsrdzqqtbljnmbqvdqpclpbzvgbvrwvnbswvlncqsmjnhlbfq,247458
/lncqsmjjmswnmsbdqhmvpzvb,265609
/hqdssfsfccfsrdhhhqdmzprqbhbv,492085
/lncqsmjjmswnmsbdqhmrmngvcjljbrrgg,128554
/hqdssfsfccfsrdhhhqdmzfdbpldbgrnzrcvhqdssfzdnfpwlwqfs,234449
/hqdssfsfccfsrdzqqtbljnmbqvdqpclpbzvgbvrwvnbswvlncqsmjnfn,629604
/hqdssfsfccfsrdzqqtbljnmbqvdqpclpbzvgbvrwvnbswv,1998390
/hqdssfshzgghngpzstfgzlgbm,2922174
/lncqsmjjmswnmsbdqhmgcp,229303
/hqdssfsfccfsrdzqqtbljnmbqvdqpclpbzmhqsjsnlcn,181373
/hqdssfsfccfsrdzmrtchshnjdgpljcbvz,240018
/hqdssfmhqsmhqsrqznrr,105075
/hqdssfsfccfsrdzqqtbljnmbqvdqpclpbzhtbzpmwbvz,156668
/hqdssfsfccfsrdzqqtbljnmbqvdqpclpbzdltbtswrgjsgjsnwpprqhs,209286
/hqdssfsfccfsrdzqqtbljnmbqvdqpclpbzvgbvrwvn,2747577
/hqdssfsfccfsrdzqqtbljnmbqvdqpclpbzdltbtswrgjsgjsnwpprqhshqdssf,209286
/lncqsmjjmswnmsbdqhmgsrnmqrzczsnmzvrnqh,94389
/hqdssfsfccfsrdzmrtchshnjdgpljcbvzrtpcsrf,240018
/hqdssfsfccfsrdmvjttqrdtf,747729
/hqdssfsfccfsrdzqqtbljnmbqvdqpclpbzdltbtswrgjsgjsn,209286
/hqdssfsfccfsrdhhhqdmzfdbpldbgrnzrcvhqdssfzdnfpwlwrzctqrgm,99041
/hqdssfsfccfsrdzqqtbljnmbqvdqpclpbzdltbt,1074398
/lncqsmjmcgm,203407
/hqdssfsfccfsrdmvjttqrhqdssfvpqjmmf,755297
/hqdssfsfccfsrdzqqtbljnmbqvdqpclpbz,5949172
/hqdssfsfccfsrdzmrtdpjhnshzgg,165774
/hqdssfshzggshzgg,163015
/hqdssfsfccfsrdzqqtbljnmbqvdqpclpbzvgbvrwvnbswvjrbmlg,37975
/lncqsmjjmswnmsbdqhmczzp,177330
/hqdssfsfccfsrdzqqtbljnmbqvdfjh,180021
/hqdssfsfccfsrdzmrtchshqhpplfnd,206490
/hqdssfshzgghngpzstfgzlgbmqfjmtvpvmhqs,91378
/hqdssfsfccfsrdzmrtchshnjdgpljvfhj,432821
/lncqsmjjmswnmsbdqhmrmngvc,128554
/hqdssfsfccfsrdzqqtbljnmbqvdqpclpbzvgbvrwvnbswvwfbvtfmrmtrqcwrd,273564
/hqdssfsfccfsrdzqqtb,1286145
/hqdssfsfccfsrdzqqtbljnmbqvdqpclpbzvgbvrwvnmhqswfbvtfmrfdtzrdzsjmmjgfpvc,200137
/hqdssfsfccfsrdzqqtbljnmbqvdqpclpbzmhqsmhqs,315363
/hqdssfsfccfsrdzmrtchshnjdgplj,672839
/hqdssfsfccfsrdzmrtchshlncqsmjpzd,287833
/hqdssfsfccfsrdzqqtbljnmbqvdqpclpbzdltbtswrgjlnnwdbt,213111
/hqdssfsfccfsrdzqqtbljnmbqvdtzjftfqblrnnbrrqp,270783
/hqdssfsfccfsrdzmrtchsh,1325210
/hqdssfsfccfsrdzmrtbpztq,184906
/hqdssfsfccfsrdzmrtbmfgjr,189592
/hqdssfsfccfsrdhhhqdmzfdbpldbgrnzrcvmvgqtlmvpv,197783
/hqdssfsfccfsrdzqqtbljnmbqvdqpclpbzmhqsjsnlcnsvdw,173846
/jwphbzmwnzwhlrgzlph,335587
/lncqsmjjmswnmsbdqhmgsrnmqrzczsnmz,609079
/hqdssfsfccfsrdhhhqdmzfdbpldbgrnzrcvmvgqtlmtgtbj,289340
/hqdssfsfccfsrdzmrt,2115174
/lncqsmjmpcshzgg,232449
/hqdssfsfccfsrdtcdddwnzhld,206073
/hqdssfsfccfsrdzqqtbljnmbqvdqpclpbzdltbtrrqjn,240447
/wbsph,170057
/hqdssfsfccfsrdtcdddhqdssf,178907
/hqdssfsfccfsrdtcddd,456064
/hqdssfsfccfsrdstdzptb,19398
/lncqsmjjmswhqdssf,44806
/hqdssfsfccfsrdmvjttqrzdzchmtq,452354
/hqdssfshzgghngpzstfgzlgbmhqdssffdc,116738
/hqdssfsfccfsrdmvjttqrhqdssfvpqjmmftsbtz,303714
/hqdssfsfccfsrdzqqtbljnmbqvdqpclpbzmhqs,996345
/hqdssfsfccfsrdmvjttqrhqdssfdgdtmcnshbf,195733
/hqdssfsfccfsrdmvjttqrhqdssfdgdtm,369045
/lncqsmjjmswnmsbdqhmgsrnmqhrsstlt,18477
/hqdssfsfccfsrdzqqtbljnmbqvdqpclpbzvgbvrwvnbswvlncqsmjmhqs,286077
/hqdssfsfccfsrdzqqtbljnmbqvdqpclpbzvgbvrwvnmhqsqqfbszmhqswfbvtfmr,234441
/hqdssfsfccfsrdhhhqdmzfdbplddcdj,99280
/hqdssfsfccfsrdhhhqdmzfdbpldbgrnzwmrmhdd,92888
/hqdssfshzgg,2066820
/hqdssfsfccfsrdzqqtbljnmbqvdqpclpbzdltbtswrgjwfbvtfmr,323251
/hqdssfshzgghngpzstfgzlgbmqfjmtvpv,91378
/hqdssfmtwgwqmtrghjhvsshzgg,73435
/hqdssfshzggwfbvtfmr,375857
/hqdssf,2954732
/hqdssfsfccfsrdhhhqdmzfdbpldbgrnzrcvsljw,61689
/hqdssfsfccfsrdzqqtbljnmbqvdqpclpbzvgbvrwvnmhqsqqfbszmhqs,234441
/hqdssfmhqsctfl,1520965
/hqdssfsfccfsrdzqqtbljnmbqvd,8680107
/hqdssfmtwdcgpfrsfmhqs,74450
/hqdssfsfccfsrdmvjttqrfrcqdb,451117
/hqdssfmtwgwqm,2620
/hqdssfsfccfsrdzqqtbljnmbqvdqpclpbzvgbvrwvnmhqswfbvtfmrfdtz,0
/hqdssfsfccfsrdzqqtbljnmbqvdqpclpbzmhqssfmrwgd,168290
/hqdssfsfccfsrdzmrtchshlncqsmj,287833
/lncqsmjjmswnmsbdqhmgsrnmqrzczsnmzgzsnl,231367
/hqdssfsfccfsrdcssmfv,13440
/hqdssfsfccfsrdhhhqdmzfdbpldbgrnzrcvhqdssfzdnfpwlw,1039881
/hqdssfsfccfsrdhhhqdmzfdbpldbgrnzqzs,156779
/hqdssfsfccfsrdzmrtdpjhn,293096
/hqdssfsfccfsrdhhhqdmzfdbpldbgrnz,729783
/hqdssfsfccfsrdzqqtbljnmbqvdqpclpbzhtbzp,939327
/hqdssfsfccfsrdzqqtbljnmbqvdqpclpbzvgbvrwvnhqdssf,859431
/hqdssfsfccfsrdzqqtbljnmbqvdqpclpbzvgbvrwvnbswvlncqsmj,1825553
/hqdssfsfccfsrdmvjttqrzdzchmtqnncghrr,180468
/hqdssfsfccfsrdhhhqdmzfdbpldbgrnzrcvjjmsqft,47522
/hqdssfsfccfsrdhhhqdmz,1547533
/hqdssfsfccfsrdzqqtbljnmbqvdtzjftfqblrnnlncqsmj,8972
/hqdssfmhqsctflshzggwfbvtfmr,725105
/hqdssfmhqslncqsmj,138296
/mhqs,116955
/hqdssfmtwshzgg,184378
/hqdssfshzgghngpzst,3188936
/hqdssfmhqsjzjm,31719
/,4933348
/hqdssfsfccfsrdhhhqdmzwbzvmz,287371
/lncqsmjjmswnmsbdqhmgsrnmqrzc,791949
/hqdssfmtwdcgpfrsf,730475
/hqdssfmtw,1141077
/hqdssfmhqswfbvtfmr,131522
/hqdssfsfccfsrdhhhqdmzfdbpldbgrnzrcv,2426321
/hqdssfmhqsctflshzggwfbvtfmrhnqjmq,3307
/hqdssfsfccfsrdzqqtbljnmbqvdqpclpbzmhqsmhqshswdjgg,285037
/lncqsmjjmswnmsbdqhmgsrnmq,851316
/hqdssfmtwgwqmtrghjhvs,76055
/hqdssfsfccfsrdhhhqdmzfdbpld,1324313
/hqdssfsfccfsrdmvjttqrhqdssf,1974266
/hqdssfsfccfsrdhhhqdmzfdbpldbgrnzrcvhqdssfzdnfpwlwshzgg,351547
/hqdssfmhqsmhqs,588903
/hqdssfsfccfsrd,6065885
/hqdssfsfccfsrdmvjttqr,3681111
/hqdssfsfccfsrdhhhqdmzfdbpldbgrnzrcvhqdssf,1504453
/hqdssfmhqs,2457328
/lncqsmjjmswwfbvtfmr,730148
/lncqsmjjmsw,1715829
/hqdssfhqdssf,193872
/hqdssfsfccfsrdzqqtbljnmbqvdtzjftfqblrnnwfbvtfmr,283178
/hqdssfsfccfsrdzqqtbljnmbqvdqpclpbzvgbvrwvnmhqs,684615
/hqdssfdlsmjsbz,9205
/hqdssfsfccfsrdzqqtbljnmbqvdtzjftfqblrnn,2235179
/hqdssfsfccfsrdzqqtbljnmbqvdqpclpbzdltbtswrgj,745648
/hqdssfsfccfsrdcqmgf,202804
/hqdssfsfccfsrdzqqtbljnmbqvdqpclpbzvgbvrwvnbswvlncqsmjmhqswpnw,286077